Challenge,Response
11101111100010000011000111100001111100000011011010100010001010,1
1100110000000111000100111111100010100011011101001111101011110000,0
100100100000110100011011110001000110110010011111011100110000110,0
10001000000110001100000001110010101001110111000101000001111101,1
111111110011111011110011111011000110101111010001001110001010010,1
100010010000011101101000011011001010000001100010101000001001001,1
11110001000000011110100001010011010100001110011010011011001011,1
1111101001010111011011000110111001101011010001100001110111010011,0
11111111101010101110111111000001110100000011001001110010100001,1
1100000011111100111010010010111101111000101101010000100010000010,1
1010001001001000101001001100000010010101010011101100101011101,1
1001101100000001111010100110010100111111110011110000011000001011,0
100111101011101110100000111101100111101100010001110011110111001,1
100100010010110010111101111010011100101010010101110101011001,0
11100011101110110101000111010100110001001110001001111110010110,1
1110100110110101001011110101111011101110010000100110010010110001,1
101010000011111100010111000110010111001011101001100101000101110,0
1110001000010101100000011001010110000101011101100110110011111000,1
1011100100011001101001010111100001100001110010101100011010010001,0
1111001111101001110101010110010100010111010101001001010111101001,0
1100101111101010000010111010001010110001011000010110000001111111,0
1000110010110110101100011000110011001110001011010001110111110010,0
1101110000110010000010110010010101000010111111011011000111001,0
1100010001111001101100100111000110101100011011111110001010100110,1
1011111100100010110110011010011111010111111111110100010111001,1
1010010100010110010001111011100110100110001011100100100001011100,0
111001011010011100010101100000101110011100011111101110001000101,0
1100110011010001011100000110110110010101000000110111101000010001,1
1101100100011111101101010110110100011000011000101110000011111100,0
10010101000101110001001110000010010010111010111011010001100000,1
111110010111100110010000100110010101000011110101111010011010011,0
10110001010100010010101000000101001001111011000011101000011000,1
1000000101000010011011000111010000100101010011101001101110101001,1
100011011001111010001010001001000011000110000000010000100111100,0
1010100100110001100101111111011101101110100111101110010110011110,1
1111000000110111111010101101001101101010000000001000110110010101,0
1100001100001000000001011101011000100000000011101101010100001000,1
1111001100111110100101111010001100010100001101011110111110001001,1
1001101000110000011000101100110001000000000101110001001100011011,0
1101111100011101111010011000001110100011010101100101110001000100,0
1001111010111001001100110100101100010011101011101000010100110001,0
101001101001100100100001000110110111011101111111011011111011100,1
1010000011001011010110100001001011001000011111011010010000,1
100110111101000000111101111011100101001010000000001110100010000,0
1000011100111110011101011000101110001101001101110010001000101001,0
110010110110110001110000111110110100011010010100110111100011110,1
1011111010111101010110111000010011110111010101100100000010000,0
111110010010111000001100011110110111110001001001100100001010,0
1010110110010100011110001011111010101000010101011000010111001110,1
1110111100010010101101010000110011101010111000111111001111110001,1
1010110100100001010000111100100101000100110001010101111111000000,0
11010100000010011111001010111110001010001000111001011100001,1
1101100011000011010100111100010011101001100110010101011001111000,0
11100110010010010111000100000000011001110000110000101011011010,0
1001100100100100001001000001110100100000001000111110100110111001,0
101010101000000101000110101010110100111111110000111111011011110,0
100000101011011111100110011001110110100111110101110110110101111,1
1011111011011000011101110010000011110011011010010111010011010110,1
100011011000010001101001011110110000001111100110001110100100110,0
1001111011110000011100101011001100010010101101111011011010111001,1
110001110010001011001011001011010001010000100011011000010000010,1
11110000011001010100001010000001011100110100010010111010010100,1
1111110011000101110010001110111100011011000111001001011011110,0
1110000001111000011011110101111101111011101100100011000010,0
110100000010101011000111100011001000001001000110000000100010010,0
1110100100111001101111110111010010011111011011101010010110110100,0
1011011011111101001101110001000011100010101000010010100101011011,0
1110010001010001010011100110010000010100000011100010110110010101,0
10000101101010100111011100011101010111001101011011101000011001,1
1011101010001001100000100101001101111011100101011100011010100010,1
1110100010101001101101100101001100000100000110110111010000011100,0
11101101010111101000111111111010011101011011011111110010100000,0
1101000010010111000111011101110101111011100011111111001111000001,1
101001100110011001100011001000001101110011001101110101101010011,1
100110001010010010111011010110111100000011011000001011001000111,1
10111000100001111001110001110111000000000111001111000011011100,1
1110010100101011101010010010000010011101011011111010110110111100,0
101101111001000010100000010101110111011001110111101110010001111,1
1010000011110010101000000110100001111011110110110011111110000,1
11110110100100101100001000110110001001101100100111101011010101,1
101101101111110000010000011111010001100100101001000001100011,0
110111011101100001110101100011001110010010001101011000000111101,1
1110001010000000000010101000001011011101010111101010111110101000,1
1011100100100011100111100011000111100101000110110001101111101111,1
111110000100010101110000100101011000111101001111110110100010000,1
100010011100001010000100011111011001111110011011110001100111010,1
11100111101000101010000010110110110110100111000101100010001110,0
110001000100111010000110110001111100111101111000001101110001,1
111011001100101000101000010011011101000100011110010100001100000,1
100111000110011000111111110011100100100101100110011000100110001,0
1000111010011000111111011101100100000000000000000000110100101001,0
1101011111111110100111111111101100011110100001000011101111010000,1
1100001010111011011100101011010001011110110110110100001001011000,0
1110110111110101001110001011110111011100000000101010111110001100,1
1100010101101100110100000000111000111111010011001110000100000100,1
10011110100000100000100011011001111101111011111110110100111110,1
1001000111100010111101000000010101001101101110100100101101100100,0
1110111000011111100011100000100011000001110100000101110111000111,1
1001110000011110111011111100101100100010000011010010110101010010,1
1111010010010000101010010100001011111101011110010111100001101111,1
100110100000000101111100010110101101000110111110010100000010111,0
1011111110000001111010101010001110100000100110100111111100010010,1
101111000110000100001010101111001101110001111100010100101010111,0
1110101110101111000011101110110010100001000010101001000111001001,1
1101101111000111011111010011101101011001100011111100001011001000,0
1111101000010101101010101000110010110010110011111101101000010011,0
1010100100100100010111110001110111001101110100000100000001001000,1
1111000011001110000001001011111111111000010110101101011001101010,1
1000111111110011101000111101010110001001101011111011100010010111,0
1101111001011101000011100011110001010001001100110000100100100100,0
1001001111010001111001111110011001001110100011111110000111011,1
100001100101000100110110111001011010000111001011001010100011110,1
110010110001010011001101011100100100111100010001010111111010001,1
110011001010010100101101101000101000110100100010101111110000000,0
1010010101100010001011101101110010000100100110001110001000010,1
11101101100000111011011000100011110101111010000000000100001011,1
1000001100001110100001101101111001111000111001010100110001011100,1
1101100011101000101000111101111111111001011100000001110010111101,1
1110100101001100111111010000110110111110001000001011010110011011,1
110110000000100001011111110101110111011011111101101011101110101,1
1111001000000100001000011000111111001100111110010100000000110010,0
1000001011111101110001011110001111111011001011100001101000100110,1
1111010010011111011001010001111111000001111101001110110010000010,0
1110011111100011001111010111100101111001001011010101011100001111,1
1101010111111111101111011001000010011100010111110101000100100,0
1111011111100111011100000110111000010011111010011110000000001001,1
100100101101001001100010101100011100010100111001101011011010100,1
110101000010001100110100100110011111000011100010100100001011010,1
1000110011011111110111011100001100101110101111101011101110001001,1
1111111001111111100111000010100010000111010101100111001100011101,0
11011000011101101111100001011111010001011111100111111101000011,1
1101001010110000010001111010101010001111100100110101010010010111,1
1100000110110000111010100011110100011111000010010001001100000101,1
10111011110110001010111011111101010001100111101110010000010001,0
1011110000000010100110111111110110110001100101110101001001111010,0
1011111100100010010010111111001111010111000101110011111000001001,0
1100000101010011010100000101110000011110111001010101110000101001,0
1101100111110100010111110100011001101100011111100110001111010100,1
111100111100011110001110000010011010000010001110101101000110100,0
1100110000010110011110110000110001110111100000001101101101101101,0
111111001110001111011110000010100000111101000000000010001100001,0
1000010101110100111111100110010100111111000101001010111010001011,1
1100001010111010111000100000000110010101000000001010010001111011,0
101111010001110111110110001010001101001101011001001110000011,0
1100001001011001111110011101000011101001111010010001101000000000,1
101001110011011111001100101001011111000001111010011011111011010,0
111000000101010101010100010000111110000011110011011001010010001,0
101011100101001111011110111111010010001110010100010100110001110,0
1001010110000110001111010111111010100000000010110011011110110111,1
11100000001100111001100001110011100101101001001100101010110010,1
1001001011101110000011011000011011101110111111001111110011010111,1
111001101101001110110101111110000011000010001110010100111010100,1
110100010000011100100110000001000101010001001101011011001001100,0
101100110001011001101111111000100100110001000101111111110011100,1
1001011100111111011101010101010111100101101001000001010010110010,1
1011110100111001100001000000100110111010011110110110001011000000,0
1100110001001100001110011010011011010010010110100101001000111101,1
110000001010001011111101111110001101001000100011101100001110111,1
10010100101111001111001011001101010000111111001110011000001,0
1000001011000110000011000100011011110011001101101111010110110011,0
1101101010001001001111010001000111111000101100011101101010110111,1
1010101111110011111101010101101010000100100110011011100001000110,1
11001000011000111000010110001001001110110001010010101011100111,1
1001010000011101111110010000100001011100101011110110110011010100,1
1100100111111111100101110010011000111110011010111100011101011011,1
1000111100101010000111001111000000111001110010000011000000001100,0
111011001001110000000001111111100101000111000101101000111110000,1
1100101001101101100110100010001010111001110100011010001100111100,1
1101100001100011000100001010100100010111110011000100010001011100,1
1000101010100111110001000000010110000111011010011101011101101111,1
1011110001111010000010001111010011111111000001001100101011011011,0
1101010011101001111001100110011010110111001101111001011011000011,1
1101100101100101001110100011110101000111111001110011001110111101,0
1101011101001000111111101101010001101111011100111101011001010100,1
1100000100111010010001011111001001010110110101100000101011011011,1
1110101010001111101111110111001010110101100110001000110111100100,0
10000010001110000011000111010010001010100001000100111101101010,1
100001101000010111000111011111110000010111001001100111100011,1
1000101010010100110110101101100001010001011111101101111001001000,1
11010000111100011001100000000000101000010110010111101001100100,1
1000100100101011010101001010010111011100000110011010010100110010,1
1101000100110001001001011100111000000000001110001000110111001111,1
100111100000100100111010110111100110101011101001100000101001010,0
1100011011000011111101100010010001011011110101111011011100111010,0
1110101011010010110101111011100111000001110000111111011110110100,1
1100010010110111111000110011010101010011111001011010111001001001,1
100011001010010010010111101101000111001111000101110101100010001,0
101110000010100101111010101000001111111011010010111111111010011,0
1111001011111110001011000101110011110010101101001101110001111110,1
110010110010011111000101011010000101100000000101001110111011001,1
101111110101101110011001111110101100101000010001011111101011001,0
1010101100000011111000001001100001010100100000100101001101010011,1
111100001110011111010011001111100001011111101110100001111101,0
11100111100001110011011101000000000001101100011100110100011101,1
1000111100000011110101110110110010100000000100111010011110011110,0
100101111011101100100111110001011010100101110101111010001111011,1
110011100000000110111001111000101000010111001111110101010101,0
1010010101000000010111101000101000111111110110010111111110011,1
1101001000101100101011001110111101110100110110000101001011110000,0
1000011000100101000011110111011111000110000101101111100101111111,0
111001001011010110110000011000111110001111100011000010101110010,1
101001001100011001000100000001101001001010001000100011001000000,0
101110100100101100111000111001111111110011100010111010000110,1
111010010110111001011111100011000111011101100100000000111101100,1
1001001000000000111111110101110101010101010101111101000110111010,1
1100010111111001011010110111100110100111110011011100001000101110,1
111110010101111011101111011101100110100010011001111100100001000,1
1010100100111010001011100000101010001111111111111000011101111110,1
10111011001010111111111100101001000011010110000100011100011111,0
101001100011000100001111111001101001110001000011101110101001011,0
1001111011010000101111011000001100011100110001111000101000111011,0
111110001100001111000000000000001001000110111010101001100100101,0
1011000010001010011111001001001111101001110010111100101011011100,1
10011001101011100100100010110011000000101110101100010110111111,0
100100100100000010011001011010010000101011111111011100011111101,0
1110000001011011001101011100000111100110001111000101110110000100,1
1001000001001110010100111000111110011010101101111100001101001,0
110101111101111101111110011001111010101010101101011111110010011,1
1011101111111011011100111101100111011111011111000010001101101011,0
1110000010111111100101010101011000100100001000010101101000110010,0
111100100101000010111101001010011010010000001110111001101101001,0
110100101000000100100111001110100100111101001110011011000110110,0
110101111110011010001101110011110110010011111001101111001000010,1
10110111101101100110101110010111000010110000000010101111100010,0
10101111101101011101111101000011101111101010110100100011010001,0
1010010111110010110100011000100001011010001110000101000011110,1
101010111111000000000101101001111011011010101011010001100010001,1
1111000011101010101100000110001010010100011011100111111001110111,0
1000100111110101000010010100010011101110000101011000100111001101,1
1010110111100101010111001011110000010001101111001101001000110110,0
111110001101110010010100000100011100100010001110001011111100111,0
1001110010101001010011000011000001001010111111100110011001101011,0
11001010110011010111100011110000010011011010010000111011110011,1
111001101001110101101010011001011010001000000010111000111100000,1
101100100011010011101010010000011011010110101011100010010001100,1
1110111001110100101000110110111110011100110011101101000101110000,1
1001110010111011000001000001010111100110010000011111110111010100,0
1001100100011101010000101101111110011110110110000101000011011001,0
1101110010101011100001101011111001101100100010001000000101111010,0
1001101000101000100111111110010010000100111011110111111101010010,1
101111100111110010001001101010100100100110001110111110101010100,1
1101111010111101000100101011111010101100111100001110101001100100,0
1101010010000011010101110110000000010001111011000101010001001000,0
111111111010011010000010001001000111010111111011101100011010001,1
101110011110001000011101100110101110111111011110100000000101110,0
1000111011011100000011101000001010111110111001000101101010110,0
1110111001010010000010110010100101101101110111111010010010010010,1
1011010100110001010011111100000100000000101100001111010010000001,1
1011100111110000100111110010110011101000111001011111000011101100,1
10001111011110111101011010001100111111010110100000110101100,1
1110110110101101101010001110011110100011001000110010101100100101,1
111100110011011000010100010101000111110100111000110001110110001,0
1110000011100011100110100001010111001011100001111111111010111000,0
110000111101011111110110001111001100101110111010011010000010010,0
1000101011110010100101010111111010000100001110000110100000110101,0
1010011011110100110001000010101110110010110000011010011011111110,0
1111111001100111111111111111110101101110011000010100010100100000,1
1001000111100000101110001111010100100000101100100001101101110001,1
1010110000110011111101111110000000110100000100111101011111111,1
1000010101110111110101100101000000101110101010001011000001110110,0
10001010001100101101011101000111101101111101000101001011001011,0
100110111110100111110101100101001011111111011001001101001111,1
110011001010000100001011011101100010100110111000110101110011001,1
1101101010100000001011001110101101010001011110001100010001111110,1
1111110010110100111100110001100000000110010111100001011010111010,1
1101001011011110011011110001001100011010011110011110011001001101,1
100001111011011011000100000101101011111110101101110100111001111,1
111111000101000110110000101011010010011110011100010111011001010,1
1000100110001001000101110011010111111101010011001001000011001000,0
1111101011111001100101101111110010010001000101100101101001001011,1
101101110110111111001010100101001110011100110101010111110111111,1
1010001001110100011001001001010001101011010010110110101111001100,0
110101001010101110000100101000000110101111001011000010001110000,1
1011100110100111000000111010001010110100110101111111101000011011,1
100101110011110111001100101011100101111000100010101001111011010,1
1001100010000010111001111100011010011101101101010011000010110010,1
100101100111100110011011000111001001011001101001010110010111,1
101001100011101001001110101111101000000110100110001001110110110,0
1111100111110100010100011110111110111100011011001100010110110,0
1111001100001010001011101111000010000100110001010000011001000,1
110110001101010000101001110001011011011010001110001111101010110,1
1111101111101110001010111010001111111001110100101010001010100111,0
110111011011011101010110110111110100111111010111111001010000101,1
101101011110010110010100101111000111110010110000100001110,1
11011010101110110010101001001111001111011001011010010011111010,1
1100000001110001010011101100101000000011111100010100001000011,1
111010110111010000001000111011100010010010011011000111000011000,0
101101011011101110101000011100000011011000100001000001001110000,0
1001010111000011010100010110010101011111001111110011010011110100,1
111101000110001101000111011100000111111111010000111111010011000,1
111100100111110101010001100101011011010111100000101101111111001,0
1110001010101100010100010000101010001100111000010010111101111,0
1101010110100011000100011010100000100111101010100101000110001,1
1110100001001110111100000001010001111100011001011000111110110110,0
1000010011000111100010001011011101101010000111000000000011101001,0
10001010110101010011011011100010111101100001000111100110011100,1
10110101001100111001011100101000100001001011110010100101010110,0
111100000001001101011011110101000011000011001010010100000110001,0
1110010111001101101000100100011111010001110110010100101110100111,1
111001110001111010111011101101011011110111100110100110111010111,0
1100000001110100110110111110000010100110110010011110100010010110,0
111011111011001100100101000011111011001010101110001000100011110,0
1101000011101111101110100011111110101100010111110010001110001011,0
1101101100100111001011001001111000000101111111100111100110000100,0
1101001010111101000101011011010101111010001101110000100110101101,0
1101101100011111101010110010111010001010010100110001011111101101,1
1001110100101001000011101111111001011011111000000000101001011001,0
1001010101100101101100010111101110110000011100110001010010001110,0
110011101010000111000101110111111011100001110000010001000001101,1
10011111000110100111100111011111111101000001101100010100000111,0
11111011011000101100100001001001111100111000011011100001101110,1
1001101101000101011111111101100100001000010100010010001000101001,1
11111011011011010111000001000111101111010101111001111100000011,0
1111001010011110001010011101011000000111011010110010111000011110,1
11001011011000010101010000101010000111101101010011111110100111,0
111001101111001100101000111000001111011100110010101010111000000,1
1010010000110000100011110000100111100001000000111100100100111111,1
110000110100000111001011001010111000010111110110011111000110010,0
11100011000001001011010010010010111100010001001011011001110101,0
1010111101001011110100111101110101101001001111110111010000010100,1
1010010101101000000101001001001011000000001111100100000001010111,0
1101100100110100010101000000100000010110011001001001110100101010,0
111001111011000001001010011110111100111011111000001001101110101,0
1011100111111010111100111001111001001001101100111011111111010001,1
1001100110101110001000100110001010100010110000000001010111111000,1
1101001111011011111110101011110111011110110011100000100110000111,1
110010000111000111110111111000001101011110001101000001001100110,0
1011001100000100110011000111111001000100101110001001101100011010,0
11110101100001111000011100100100101100111111111000011100100111,0
1000011001001101100101100101001111000111001101011010001111001100,0
11110111011101000111111111111111011000110111111000100101010010,0
101000100110000101100000101101010111111001001001001101110001,1
1010100110010011000101110100001101110010101110011010110001111011,1
1101001110110111101001010110011100001000011010111000111111110101,0
100011011110001100000000000001111011101101000001110011101111101,1
1110101110101010101101100011101000101001101010010011110,1
1001010101110010000010010011111010010110111111001100110010100000,0
101111011011011100010110101101111011111110010111010011101011011,1
1101011110000100000000111010001011011001010010111110000000011001,1
1011100100110010000011111011101100101100011100011101110100011001,1
1111001111100111110101001010001001001110010010101100101001110010,1
11111011101111110000011100001001100010110011110111001111100101,1
111101011001101111110011101011100110100100110111001101101000111,0
1000110010100110111101111111010011000111100111110000100111101100,1
110011101111100000010010000010100110000111111100001000111101110,0
1110101010111001100001001111101001111011001000100101000011011100,0
110100111100101110001001101010010001001100111101010010111101,0
1100101010100010001011011011100001001011010111000101000000010110,0
1010100001100011100110000010100100101001000010101101111001011011,0
101101000001110001100001110110111101101011111011100010001110010,0
10101111110010001100010111100100011100110010101100011110100011,0
10010010001001000011110010101011111001001011101010111010101100,0
1010111101001010111100011001011111110010010001100101010011010111,0
111111000101001001111001000010010101100001001100101110011001100,1
11110000111011000000100000011101010011111011110101111101000000,1
1001010001111011011011011100011110101000110011001001011110000,1
11101111100010010011011100111101101010001010011011011100111100,0
110100101101000101001100100011000100010011111111011001010111110,1
1011101100001101001010010000011101011010110001010110000011001000,0
10111011101111011011010011000111000101111100110010000001101011,1
10110000001111010011001001101001011110010011010001111101101011,1
10000010101101110001110011001010110100011001000000110000001110,1
10010101001100010001011010111110110101001011110000001010000000,0
101111110001110001111111001101111100001000010101111100110110111,0
100000000111001010101110011011010111100111111100011111100000110,1
11011000010110001010111110000111100011110000010000010000100010,1
11110011100110001100101110001111100010001111110101000101010,1
10110011000010101110001100000000011111001101111001011100111010,0
1111010101100001011110011011000001101111111100010000111101011,1
1000000110011000101001100101011110100000010101000110001110,0
1101000011011111110010010110010010001010010100111111000010001111,1
1000111000111010000110010111000010111010010000011011101110010011,1
1000000111110111111010000001001011001001111111011001001111001110,1
110100011011001101010111001011000000100010101001101010111011,0
1010010101000111111000011100110001111111111011101101010111000011,1
1111001101111101101001101111000011101000110100100010101001011100,1
1110010101000110011100101000010100000110011110010000110101110111,0
1100110101100111000001010100000001101011010100100011001010010011,1
111001001010101101010000001100000010111101010010110001101001000,1
100100010011010001111001001100001110110010010111000001011111001,1
1000010011110110110101100100001011100011111010010001001000000,0
1101111010110001111110010000011101100111101101110110110010110001,1
1111010010001111001100111110001101100110101011000110010111100101,1
111011010111000011111111011111011111101011100111001011111100000,0
111100000010001010101110011010111000110101111111001010110010010,1
1001110000101101100101011111101101010000100101101111111111111111,1
11101011110011100011000010000100110010010000110100111010101101,1
11001100110110101100011111000001110000011000000101101101001010,1
110010111001001101101110101100000101000100001001000010100110100,0
1111001110010000010001100001011010010011111111101011000101100101,1
1100101001111001001110110101111010001011000101101000010000010100,0
1100011110000100111000001101100111011010111100111000101111,1
11011000001010101101001111101111000001101011110001101101101011,1
1100000100001000101011110101011010100110110010100011101111000100,0
1100001100001100111011000011010000001101010001101010011111,1
100010111001101111001111010011110011000111000010111100110101010,0
1010000000111111100010101001011110000010100000100101010000111011,1
1010100101010100101011111001101100101100010011000111101111001001,0
11011001110100101111110011100111001000111011100010110100011,0
10111000000010000111010011011100000100000001011011011110010101,0
1110111111001100001001101000101000000111111111000110101110001011,0
1010110110111100000011010000100111111011110001100100011110000101,1
1000001000110110001010111010010100000001110011001011000010111101,0
1010011101011011111101000111011101100101101110000101100110000000,0
1001100000000010000000111111011110100010100011110100010000101001,1
1111010000000000101011010110110000111011001000001110101010111000,0
1011110100111000110010010111110110010011111011011001000110100011,0
10000011110101001111110010000110101111110111110010101100110111,1
1001101011100000000000000110001110011010011011101000111010110101,0
1101101000100101111001111111000100011010110010111100101101101001,1
110011010111000001011000111000101101101110011111011001100101,1
101001111110100000101001010000010001011101010101100010100001111,1
100001101001011110000111011010101000011011010001001001101011100,1
1100110010011011111011000010110111010111111111100000110011001110,1
1011100101100011011100100000101011111000011101111011101100110100,0
1111111000110110010110101000011100110100001000000000011000011,1
11001101110101101010011011101011110110110101111011101101010101,0
10001110110110110010101110011110000110111101101100100000011,1
110110111011010010011010000011100111100111100000010001100001010,1
11010011101000111111110001010011011111001011000100100001100010,1
1010110000100110001100000001100101111011010001010010100010010110,1
1011111111010010101111000110111000110001100101011100000101000100,1
1010101110001111011001101100110011000110100001111110000111001110,1
10100011010110110011111111010101011000100001101111010101001010,1
100001000101101100001010111010101010010010100110011000101011001,1
111001101100001111001100010110000110111110101100110010111010011,0
111110010010100000010000000010110101111100001100110010101000000,0
11111000000010100011110111000010100110011001001110100110101011,1
1111011001100101100010101111100010010000101010001110110110001001,0
1011110110100010010100111110010010111110101001111011000101000001,1
1010010100101000001111101111010011110000110010011101111011111111,1
1010100011101110011000010011111001000000101111011001011000110111,0
1111111001100010011100010001010001100000110100111110111011101011,1
1000100111110111000010101110111101100011010110101010111001010000,1
1001001000111010010111101111111100000011000001001011100000011001,0
11000011100001001001101000100011101101011001100111100111101111,1
1110100110100100000100101010000110110001000011101100000010110111,0
1101111111011010011101110000111101100011010011000011010001111000,1
111100010101110100111011111011111011111010001011101110111010,0
1110011001011010000110100111111011111100001000001011001011100001,0
1110000100000000010001110010011001001011010010000100100011101010,1
110111101001010101100100100100110110010000101100011001001010010,1
1010110101101100110110000001000101111111011110110111000001101,1
110111010110101010110011011101010111000010010110111000010010110,1
10110101000000100000010010011111101010101010010000011010110000,1
1011100101110000111000001000010110011110111001011110000000000,1
1111110100110111111001010100000110100101010100000001101001010000,0
1111100001010101100011011110111110011011010000100011011001101011,0
1101000001110111111000010010101110101110101110110101001000000010,0
1111110101100111111010100000000000101010000111110011100010000,1
1010100100000100000111110111110110011000000100000001000001001010,0
1011000111110010101110101010101011100111011000111000111011110010,0
11100111011110000001001001000000010111110101111010111010110001,1
1110110100001110110011001110110001111011111001110110101101101111,0
1110011100101011010000111000001111011111101000001110100110010011,1
1011011100000000100101100011111001111101110001000111010111010011,1
10111001111111101001110110011000010010101110010111001011110100,1
111001110111101111110110011010000101111110110001001101011111000,1
1001100001010101011001111101100011101010001100011010110011111,1
1111110001010110101001111100000111001011100111010100101000011010,1
1111101000001000010000010100110000110111111101110100010110011010,1
1101010101111110110111000101110010110000011011111111001001000011,0
1110110101001011100100101110101001110011001110010111000101010110,1
1111111011000101000011011101101000001000001011001001001010000110,1
1001100000110010100010001011111001010100011101001100111101000111,1
1001110111000000110000100111011101111010100100000110011101111000,1
1101000100011000010110011110111000100110011101001011101110111011,0
1001010101010011101000001001111000100000011010100000011000110010,1
101101100001000100111000111011111011011001000100001001101101,0
1011000101000010111000010101010110110010010100100011100010010101,1
1101111000110000110001010001000010110000111101100010110100010101,1
111011010101010111110000010011010111011011011001011000010010101,0
101001101110100011000101110100011011100011010000110100011000010,1
1101101011000111110001010011100101111010100100011011001010011000,1
1000100101111110010100000110101110100110100100101101011001011101,1
1110000101000110111111100101111000111101110111101010011100010011,0
1010100100110000010101110111100001001011011110001010110100001000,0
111010101110110000001011011011110010010101001011100010010001011,0
1100111010011110111000001111110010111000000010101111111110110,0
100010001100001111100111011010111110011111111110000000111101011,1
1101111000000010010010010111101110100111101100100100100100101010,0
1111010101010000110100001010110000111011010000011010000111100100,0
1011001001111111000110111011111011100111111010101000111111000110,1
1100010011011010110000011101101110001100101100001100010101100000,0
1011111001110100010111111010100101110011111001011011001000111010,1
111001000010100110111001110111100000111111011011100011111010011,1
1111100100010110110001001001001110001001110000001011100100101001,1
110010010010011101000010101010000000110010110110010011001110111,0
10110010010011000111100111011010000001111011111000010001001101,1
11100100101110011010011100011011010000100010111101011111000001,0
1100111110100010111011001000101110001101000111011000000111010011,0
110100100100010000101101010000010101010001010100110010010110011,1
1110110000000011000100010011111101011000010101011011001010010011,1
1111100110001010100110111001110111000101010110011100000011011000,0
101010000110010110000001010010011110011110011001000101010010,0
111100101100110100010011010111100110110001111010010001111000001,1
1001011000100011101001001011001111100111001011001100110101011000,0
1100101111110110000010100101110000101101111111111111101001110111,1
11010111001110000111011101111010101111010111111011001100,1
1001111101000110100111000101011100110110110100101100100001111001,0
11111110010110011011011010110110000101000011100010010010011100,0
111011111110001100011010100010000010100001101010111001001100,1
100111001011110100101111011000011110111111001011011111001110111,0
100010100011101001100101110111000110101100011100111101001001100,1
1000001101100001000000000110100010011110110110011010001000000100,0
1111110110010010010011010001001111000011101100110010011101011000,1
1001101100111101011100001010101000111010101010011110100100011101,0
1001000011000101011111101011100011111110001111111000010001101100,0
1101111100111011001101011110110100101000101110011101101101101000,1
1110010001100100110100011011001111000101000101010101001011101000,0
101000101011000111110111010000000010111110011000111111100011010,0
11001011100101000001101100111111000101001100101101001111000001,1
101111110111000000101111010010111000011000000100101001011000101,0
1111001000110110011110010000110001000100101100011100101101100100,0
1011111000000010000111111000010100110011101101110111000100110101,1
111001001000001100111100101110010111011101000010010111101101011,1
1000101001000010000000000111000001000111111110010110001010010001,0
10000100010100100111100010111011010001010001100101010101000110,1
1000001110000010011111000100101000000000111101001111110001110011,1
10110010010110111101101011111110001111000001100110111101111001,1
10001001110101111000000000100010001000111010111011101111110111,0
111100010000101101000110101011101110000001011011010000111011111,0
100111101001111100100010110001000101000111111100100010110000101,0
11111000110010000001010010001111000011111011110111000111110000,0
100001100010111000000110100001101100110001100100110111110001100,1
1001101011001001100101110111010001110111101011011100111011111111,1
1111110001101101000001100001001010111000000001011101001000111100,1
1001000110110101110010111000010000011000110100000100101101010,1
111100100100101110000110111100111011101111101111001010100011001,0
101110100100100011111111111001100001100011100111011000010010000,1
110101111100100101001010010101000011111100011100101100111100111,1
1000011101011101110011000000010101000100111111111101100111110000,0
101110001110101000000001110001100111011111111000100111011011,1
1001001001001010011110101101011010110000111010110000000100010,1
100110011100001110100100110000111011100000010000011010001101,0
101111110000000100001010000000101000101101010011110101010001111,1
1001000110110010011100101111101101010100011001001110011110001001,1
110100000000010101101110111011001100101111001011011010101101111,0
101100001001101101100010011111001011101011011000110011110100001,1
101110001111100000011110001010011110110110111001111110011000011,0
101100000000101111001111010011100000001100010111001110011110100,1
100100001110111110111001111011111111111100100100110010111001001,1
1110110011100011011001110001101001011000111010111101001001001,0
110001111011001000101100100001000011001111000001110110011010011,0
11010110011011001001010001000110010011001101001011011010110101,0
1111101010100011101000110000001101110100101011111111000001,0
1010001101101000011011100000101001110001111000000010001011111111,1
1001001011000001111110001110111111101111101111000001000110001001,0
1001110100101011110110001001011010111100101100101010000011011100,0
100011111011110100101101111100101111010111100100001001110101111,0
1101010100001010010110111001011110101001001000111011011000110001,1
10110011000011011000111011010111100110001011001101010010010010,0
11111110100000100001011111010111101011010111100011011001000,1
1010100001001010000010010100011001100010111101110000110111011111,0
1101011000011111011011000000011101100110100000011100111011110101,1
1010001010101000110011101100101111100000101111100101100011111110,0
111101111100110110100101100001010000100111100000011011011100010,0
1010100111010100000110110010100010111100100000011110001101100000,1
1111101101111001000000101011011000000010100000010001010101000010,1
100001110100110110001001010110110010001110101101010111100010,0
1010101010100010110011001011011110010010010100010010000101010111,0
1110000110001001101000000101101011111101011101101001001001101010,0
101011011100110000000101101100000110111101101101011110001111111,0
1010100011000000011110101110110011011110011011000101100000101000,0
11011110100011011111001111000110101000110111111010110010011000,0
1011100110110000101100100001011111100000100101111111010011111001,0
10101011110010110111110100101000100000010010000001010101010100,1
1001111011111001101110110000011011001001010111101000010111101000,1
1110110101100111101011100000111100011100010001001100001000111111,1
110101010110101111001110100001010000101111100010100011010011,1
1100010000010100101100001111110100101101101110011110100101001010,0
1100110010101010111110101000010100100001001010010110101001001000,0
1101111110111010011000101010010001111011110110100100000010010111,1
101110010000010011011011000110010111000010101100001100101110111,0
11010110110010110001101000101000101111011000000110000100110011,0
1001100111010110101010100100000110000000010111010001011101000110,1
10110010011001101001010100011010000000110111110101110110001011,1
1001100110011111011001101000110101111011000000010010100010001010,1
1011110100011000111010100010111011001001000111100101111011110001,0
110100111100011010001111000101001010100111111111111011011101111,1
101010001100100100001000001010000110000000010010111111111100111,1
11001101101011111110110110000011111011111011000000010100011000,0
1000110100011000111011110110011011000010110000000011000100100,0
1011110100010100000111010010110011010010100001000000111100101111,1
1001011111101101110111000010110000111011110010110100011000111100,1
1101111101111000001111011011101101111100010000101010111110110011,0
100010100001111010111010001000111111000110000110101100111100100,0
11011011001000011011001000101010011001011100000001100010101001,0
10101010001001110101110000101000010011010011010101101011100000,0
101100010010000101011010000110010110100001100001011001110010100,1
101010111001110111011010101010100011010110111010101101111101010,1
1000010011111010011110111010011111111000110111101010001100000100,1
1101011111111001110111001111111011100111000011111001100001011,1
111100001011001000011100000010000111110000111000000110000011,0
11011011000011000010100010101110001100000001011101100011111001,1
1011110110010100000110100000000100000111010000001011011100001011,1
1111101101110000001111101000010010010010010100111000111000000100,1
1000001000111000001111110111111000111100101000010001000111011010,0
101111011111001000110101101001010001010000111101011100011010110,0
1010001110011100110110110001101101101111100101100010101111001100,0
101001001010000001010101101101100111100101100110000100101011101,1
100110101001111100011110010110001101001111011011010010010101010,0
1101011100001001111010000010101011111011100101100001110110101100,0
101011010100010111010110101100011001111011001010000011001000010,1
11110011111110111000111100011100111000000001101100011111010100,0
11101101101100000010001111000110011011000000110011001000101000,1
1001100010100100000001100001001001100111111110011111110100111,0
11011110101000110110110011001011100011001101011101000011101,1
101011000011001110001001001001010101000011000011010100100000101,1
101000101101101111010011101001011100100010110100100010001011001,0
1000011101010001100110000111010111001010001000000100001001101001,0
111000011100111001110110111000000001100011101010111001000101011,1
10001001001001100010000101001011001110011111010100011011110101,1
1000011011101011001110001000100001010011011111001111011010011010,1
110110011110011001001000001101010111111000110000111100011111000,1
110011110101000101110100001011100101100011111101111000101010011,1
100110111111000001101000011110011100000000000110001001000000,0
1100011111100001100111010100100011111101001011010001110011100101,0
1000011111110011110100000101110011110010011110011010101010001001,1
1000110010101000000101010101001010111100010001000101100001001000,0
1101111110111101011110010111111101100100010111001110000011111111,1
100101011101100010011001111100110010011011111111110011011110100,1
101110111011011000001011001001101001111010100000100000001011111,0
10010000000001100111011001111000010010000000011011111110100111,0
1001111111110100110000001000100100011001100010111101101011101000,0
1111101100011001001011010010011101011110000110001110111101111010,1
1101111101111000101000100100000010100011001011111110011101011000,0
1110101000100010100111111101101011101100010001101110001001101001,0
11010000011000110000110010011111111100000101110011110101100101,0
1100111011001011001000111111111100101001000000010101001010,1
110101101000111111010011110010110011011110011001101100011100,0
10000111101111001001000101110101110110010001101110011000110100,1
1111000100101100010111101010000010110110001011111001011100110000,1
1111001011010111101110101110101100110001001000011011011100110001,0
100000000111111000010100010001101111110000101110101111111000110,0
1110000111011010101111000011011111111111100100100110000000111,0
101101110111110101001000000010010100001101100100000110011010100,0
110001011000100100111110111010101110011011110100001011010000110,0
111001110111101101101100100100100000011010000111001011110011001,1
100111100101101100000001111010011000111010101101110101010000011,0
1001110011000110110001010100010000110111111001011000110010110011,1
11000110110010011010101100010111101001010111001101001110110100,1
10101110000110100010110000011010111100001000101010001110011111,1
1110000110101001001101100110001101100011010000100101011001110111,0
110010010010110100110101000101100110110111011100111111111000011,1
1110101111111101001001000000001110000010101101111110011000011,0
1001110001011101011011000010101010110001001100110010100101101101,1
1110111001010000000010101011010110011111011000111111001001001001,0
1101000110000010001011001101000011101010100001011011111111010010,0
101101001101111101001101000101011110011011110011000110110001101,0
1110101111111101100111011100011011011001000101001011001101101111,0
1100001101011100111010110011001100001100000101011010100111110011,0
1000101000100001100000000100010111010111000101100100111110110010,1
110111010011110100010001001011010111001011010001101100011100100,1
1011111101001110110111101110111110111010010000011110011101000010,1
10100011111011011111110110001110010001001010111010001000011001,0
1110011111111000101110111110111011111101110010101010001001111111,0
101100111011110110001000100000000000101011110010111111100111001,0
110110010001001110011100011010110010111110001111111000110111001,0
1001110000011001111011100101111001001010001111110100011000000001,0
1010011110111111001111000101110101001110100011000001010100110001,0
1101101111100111000110111110100010111101010100001011011111001101,1
1100000110011101100000011010100100100101011011100100100111101110,1
1001001110010100110100000101011111001011100101111000001111011010,0
101011100110111001001011011010111101111000100011110101101000000,0
1100100100010000010100101001100101010000000110011000111100000011,1
1111010101110101010011001000010111011100110001100110011101111000,0
1010111110000011000111011101111001100011001011101101001000100010,0
101001111111100101010100010010101110011000101101010001000111001,1
101011101101110110110011111100010111111100010100011101001110001,1
1001001110111100100011000110100001110010001110100110000000101000,1
11011100010000111101000111100110110111001001010110011000001111,0
1010101001011100010111011000100111001101001011100100011110100000,0
111100010001011110000111110011000011010110000011001111011111000,0
111010111100011111100000001000100110000110000001100010000001110,0
10010000101101110110101011110011000010000101111011111011101101,0
1110010011110001011100100100001000011001011010011110100000000001,1
10100011001110100011000111100001101010111111100101100000,1
1010110011001111100101100001011100011101011011000011011101000011,0
110011101001010001000000000000000011000010101101111011001011100,0
1001111100001000011011110001010110010111111100010000100101001101,1
1111001110111000111011000101111111011101101000110111111111010,0
110110111110101111100011100101101001011101100100010000000010010,0
100001001000000000001001110101001000011101010101000111101,0
10011110111100010000010110111001101100100100100000101100111101,0
1000001000010100111010101111110101100100101110101111010100111110,0
1110000010001101101000011100111100010100010001010010110101111000,0
11000101000000101101000000100110001101101000111001111111011110,1
10000010101100000001101011010110101111010001111101110000111111,0
110001000010110001100000110010100011011001010110011011110000001,1
110100101010111110101000100110111110010110100111100010101110110,0
101010011111001011000101001110011100001111011101101001100000010,1
1111001101111110100011000100001001111000000100011010111100011010,0
1010000001110011111101101111101000100110110011100110000000101001,1
11000110010100110100101011101110100111100101011110011011010101,0
101101000010010010001100011011000000101101111101110000111001011,0
1110111010001000101001010100101100101011010111010110000011101001,0
100101100110010001100010100110001100111111101011110101001000,0
1010110101010110010111001010100000010110001100111010101100110010,0
1010110101011111110000000111111100000001000010110011101110110101,1
1110011101010111111101111110111010011100110101001001100010000110,1
11001001000111100001000010101000101101010110010011100010001101,1
1001100101100011001000000010110011000111100110100101011111111001,0
10100010101011110011101000001101100010111011001100001101111011,1
10000101100101000100100000011000001110101110011011001011011011,0
1100011001101111100011101100001101010010100110100010011011110011,0
110011110001110111101010000011010111001011110111000010000001111,1
110001011011000001110100110001010110011110101000010001100100101,0
1001000011101111010000111100100011000110111101010011001101100100,1
1110101110110110000001111001100100110011000110011000011001010010,1
1011110011010000101111111110110000111110011111010000111111,0
1101110111011111000000000001110010000101101010001000101101000111,1
1110101100101001010100110010011111111111001000101100011001001001,1
1001000100000100101010101011110110100001001111100111101010111011,1
110100000010010110100111110100011000110111111010111000001100111,0
1111011111011111001110110011111110100001000001101011010110001000,0
11111000010110110101001000001110110001000010100001010100111011,1
1001100110001101010110011101000001101000000100010101001001101011,1
1010010001101011010000110111100101011100010111111000101000111101,0
111100011101100110111100100100111001000010110100100100101010101,0
1100111110111001001100111100001111010111110111110000110110000101,1
1101010001010011010000110000001011111111110001101101100110100110,0
11111001111000010110011110111111000101110110001011000001001001,0
1100001011001011100011000111010011100110011001001101101101000110,1
1110110001101110011111001101011010000011110101100101101111101011,0
110000011110011000110101110111011110010011000001100011001001011,1
100111101011011101111000100011011100010001010011011001101101011,0
110011001010000111010011101100011110111010000011101110110010111,0
1011110111000110101100110100110101101001011101110111111101010110,0
110010111111010010110001110000000010011000000001101000101101000,1
101110001010110110100000101100011100011111000100010101010111111,0
111100101101001100000010111111101110111001100111000110011111000,1
1101100000010100011010100100011111111001111100001000110101111111,1
1011110101011001011000000000011011110101111000001000011000111001,0
110001101110100011111101000100111100000001111010011010101010,1
1000100111101000101100011111001000001010010100100100000110001010,0
110100010000110001000011011100001100100100010011100110001100011,1
111001011001001110101010010110111001101011010000011001011000001,0
1011100000111110010110101100000101100000000110011111100111100100,1
1100001010111000001101111010110001101100110001100111101100011001,1
1010001110000000111001110000010000011101100010010111100001110110,1
1000011001100000011000001101100110111101000101001100110100100001,1
1001000010111000010110100110001100011000110011000001010111110000,1
1010010000011100010110111011001011011111110100010001011,0
1110100101100101001010111000111111001101110100101001000000111,1
110010011101001011001001100101110001001011001100010111100000110,0
1100010101010001100010101101110101001110001110110100010011011100,0
1001110111101001110110000010010000011000110000010111000001000110,1
1000100110011110000000111001010000001001111100010000011011000110,0
10000010110110011100010111100000111000000111011100100100011111,1
1000011101011011101011011000111010110110101110000110100101010011,0
1011000000101011111110110101001001011111010100101110010001010100,1
110000011100000110011111111010001100100011001000100000111110000,0
1001011101100101010010011110100001010110001101101010100011100101,0
101010001001000000101101010010110110101000111011101000100001000,1
1111011011010110111111000000000001100110011000111111010000001110,1
110001011001110010000000100111010010000010100001111101011011,1
101000001100001001100100001100001000011001100100111000110100001,1
10101010110100011000011000011001010110110101000111100110010011,1
110101000100001010000101101110101100011101101100011110011101111,1
1000010100100111101001010011010101101101111100010100010101010100,1
1111010011101010111000100111010100001011101110001001110100010101,0
101101100001111110000011101010110110101101101111111011101010000,0
1011000001110010010010001000000010011011011101010000001001101111,1
11010000100011001011110011010011110001011010010010110110101111,1
1000001111011110101001010101100010000011010110001110010011100011,0
1111100100000001111011010100011000011111000100101111111111010,0
101110000111110101101111011000110101111110100100001011100010,1
10010100001110101010001100010111111011001001011111100110011111,0
1011000010001101111000001000110110001010010100011010111111000010,1
101110001100110110010001001111000100111111011011001100110110111,0
100010101011110111011011110010100011000001011101011101101110010,1
110100111011001101100101011011101011000001100110000110111000111,1
1001101001111110001100101100011111000101110010101111001110110,0
1010001111111000110011010111000000101011100111000101100101110000,1
11010110111110101011010111001100110101111111110110111010010111,1
1100000010111000110100000101110100011011010001110101100100001010,0
1000011110101100101000011010001011001000010001111111111110100101,1
100000110111010000001010001110000111111100010100010000101100011,0
100010000100110000010000010110001111110110000011100010011001110,0
11000110001100110010110001101010101100110001001111011011101001,1
1010100011111110001100100111001100011101110111001001111101010001,1
10111101010011100110011110011101010100001100011110101100000011,0
10000100101111001001101101001010111010100101011101101000,1
1011100011101111000001100100010110100100010111111011100100010001,1
10000000001010000100011001111100101010001101000000001101101110,1
1010011010100010010101001111010100110110001111101001110101000010,0
1010011100011001110101111100111000000111011101110111010011,1
1000001011101101000000011111010100000100111011101011111110100011,1
1000010101011000010111010011100100011011010101011110000000010000,1
1110111110000111011001000101010101111011101101110010011010010000,0
100001111011010010111101000101100110000100010011110111100110100,1
1100000111101001101011000101110101001000110111110000001110000101,1
1101100110111101110101101111100010110110101010000111010001111010,0
100001101001100100111001111011001110001111001000010110010001101,1
1100000110011011110010111100110010011000011001100100011101000110,1
1110011111101010101010100101101011111001111001010101011110010000,1
1111100000011100100001110001101101100100000111111111110111111000,0
100101111101001011100101011100010101100101110010110000101101011,1
1011000001000110110101110011011000111011111111011010001110101101,1
1110100101001011001100010011011101111000101000001101000001101111,0
1010111010000101000001110110001110010111110111111100110011111100,1
10011000011001001101011111001010100111010101100100001111110111,0
1101110001001110111001010010111111011100001101110011011000010,1
11110101000101010110011100010000101001010100001101100001010111,1
110001100111101001010101001011101111111110001011001001110000101,0
100100101110110000110110100011110001001101010000101100001000,0
100100111011101001101010010011010010100111100000001001100001101,1
1100100101010110110110101110101110000000110110100100100010,1
1011011100000101011010010101101111010010101001110010010011001011,0
1011110010010011000010000000100000001111011001001011111000001101,1
100010100100100001110011011100111000000010010001100011111000001,1
1110100101000001011100000101111110000001111000011000101001111101,1
1000011011011000100010100101101000011101001000001010110110110001,0
1011000110010011101011010111110011000100000001110111111011010111,0
1111001000001011100100000100010101110011011001001000101100101101,1
10001010010101111111010101111011101100001101010111100110111111,0
101100110011111110010000000100001010100010001100111100111001001,1
110011011110110100010101010101011111000111001101100111110000,0
11000000000110100110010101101110010010110011100010111111101100,1
111100101000100111001110011001011111001010101100101011010000011,1
1100110110110101111111110001101011100010100100000011100111101110,1
1100000111101111010111111101111011111011001111011001100010101111,0
1001000101010010001100110001111011110111011010111001111111000001,0
1111110011111101110101011100001110000100111100011000010011100101,1
1100001000000100111111001010001011111011011011001010101011011,1
101000010111011010101110100110101110010000000101011011101111000,0
1110111101101000111010010100110000111010000001011101101000111001,0
1001110000001001000011010000001101010101001101001010000001101000,1
1111000010010010010110011010100110011011010100010110011000011001,0
1010111011111100111010110101010011010001011001001101100101001110,1
10001111010111100100111011010011011000100101000010011110001001,0
1110101111000101101101111100011001110011101000000001111011010111,1
11100110100100101011010100111010000011111000001000110000010001,0
1101011100011000110100110101010110110110000010100001011111000110,0
1010011000011100101000101011011011000011100000101010000100101111,0
1100111110000001011000001001000110100100011010101000011111110010,0
100001111110011111101000011001101000101100111100000100110011001,0
101000011010000001001111010100111111011100011000000011010101111,0
1010111100101111110101010110000110010001001011000001011011000001,1
100110010000111111111110001001001000111100100111001100101010001,0
1111001000011010011001001000011110101100011101000110000001100010,0
1010110000010011100010101101010110100100000101101001100011100001,1
1010010110101000101001111111100001010000010101010100001001110110,1
10000111111110101000010001110111111001011001011110100000000,0
10101101100101111001001101101010111110110011010010110111000100,1
10111000001000011010000110110111101101100111010111100011100110,1
111111001010011001000101011110111111100100000101110101010100,1
10101001111010111111011111000100000101001111110110010011010101,0
10110010100000110010010010101111010000110001000110011111000010,1
1101100101011010011000101101001110111101100100100011011000101111,0
1010100010001111011000010110111101000010011010001100100110011000,0
1111101111100110111011010010001001001110001110100110101000011001,0
1010111101001101010001111001001011001010101100110011110110,0
1110000101000111101011111001101111110100111101100110101100010010,0
100010011100111101110001101011101110000111001011101111001010011,1
100111010101111011001000010110010011111011001110011000111001011,1
111001101110100011111000100010101110010000011101000100010100000,1
1110001100110000010101110110010111100000010100000011010111100110,0
101000100110011010101010011111011110110110100101110101100001110,0
101111000010100010110010100111110011011100010101000110001,1
1111011101010101100001000101011011111001001010001111011011010000,1
1101000111001101000100111100001000001010111011101101000001111011,1
10100011011000011111000101000001010010101000011010100100101,0
1100010010011011001010100111101011100000100101101111100011000,1
11010000011101110110100000111001100111110100111000010111010110,1
1111011010010101000111111010100101101010011110100100110110011110,1
1000110001110101010101010111000101100111101111011011000001001011,1
1111110011101100110110100111000111011010111111110010000011111,0
110011111010101001101011011001100111011100101110010010101101101,0
111100110111001111000001111100100010110010010000110000101111000,1
10111010000001100010010111110110100110001011011011011101100101,0
1001010111010100100001001000001000011110011001101001010101110,1
100111010111101101110110100001001000110001110111000001000101001,1
1101101110010010100011111000110110101100100001001101110100111101,1
1101001001100001111000001111010001011101011100001001001100011111,1
111010111001110001111010111000001100101101011010011110100011110,0
111011111001101101110100001101101001111110001111110101100101100,1
1101111110001001011011111110100110100000011011010011100000101111,1
1110101001000000100010000110010101111010101100101011011010001010,0
11010001010011110100011001101110110110111111010110101101011111,0
100011100001101100011001001111001001010011000000101100010011001,1
10001000001010100100111011100000101000010101111101110000011010,1
1100000000100001111100000000101111001100111011110100000001110110,1
100100110100010111101100011001101001110011011001000110100101100,1
1110110000010010101010010110000100001010000100000100111100110010,1
1101000001010110100111011010111011101000000011011101111010101101,0
1010100100101101101000100110001011011100110101000100110011111000,1
1001111100000100100010011001110100000111100110000010101001000000,1
101001001101110001010111010110100100011011111101000010100100000,0
1011011011111100111010010000110010101111001111110011100011001010,0
1100100000001000000000010111111111011010111111010100100010011101,1
110110100000011111110100001101101011110000101001000110001000010,0
111100101100100110001001011001111011000110001101011001011100101,0
1000000011010100011000110110001100010000111010101110100010000,0
1010011101111011111001010001100000000010111101100010100110100011,0
1011010001101110011010011000110000011001101010110111010100100011,1
11001101100001111101011010110010101001110001101011010111110000,1
1111110110110110001001111111010110010110101101101101101010111100,0
1111010110101110001001001000000110010010001010111100101110100110,1
1101001110100011111000010100010011111111111011011101000010111000,1
101110011111100011110001111110001101110000111111101000001011001,1
1011100011010100001001101111000011011111001011011100100010100,1
1111100110000001100110011011001011001110110001011001100110010101,1
1100011111100110110001111000110001101011100011011010011011011110,1
1110101010000101101000110001101110010011010000000011100011011000,0
10000101010000011001101110100101110001100101101110110000001100,0
110000010110010111101101010010001111001100010000000010011100,0
111010000101110010110100011001001101010010001100001101101111111,1
100111000111010000001010101100110010111110111101000100011001000,0
1101010101110100001011100111110011101110010001101000110000001001,0
11000011111100111101101001010001001100101000101110111010010010,0
100000011100000000101001011011110010100100011101001110001110111,1
101110110010100011101110001010100100010001100110111000001110111,1
1111011000110100111110100101100100111000100011001101111100011111,0
1011010000110111100100000001101111110000110000010010111011001111,1
1010111011110110001001001100110100101100100010010100110011101100,1
1101001111111101101011111100010110011110000101100011100000110101,0
101011011110000011111000001001101011011100001111000001011011100,1
1000011110000010101010101110100110001000100010100001001011011110,0
1011001001010001110101000110100000001011101010110111100010100100,0
1101001111011111100110111110010100111001111000110011011001001001,1
1110011110011011110000101100111101000110001000001010001011010011,0
111000111011000010001101111111000111010011011010101001111111111,0
101110010011011001001011100010011001001010010011111111011000,1
100100000100001110100101000011011101110111111000000110111100001,1
1010100000110101111010111110010100101110000100111100001101100011,1
101100000010111011010101011001100000111000111001111010101101110,0
1000001100111101011011101001111111111100100101110110001000110011,1
101011100010001000010100011011001101010100100001101101100111,1
1000011010010001110101110110001000110010110111110101110001100011,1
100110010100001000010011100111110101110111001101010000100100001,0
1111110000011101010010100011101100011000100101101011011100101,0
1101000111010010011010000100000101010011001000100101100110000,0
1010111111111010000010001000011100001101111001110100100111111110,1
1101010011101000110100111101011011101001110101101110110010001001,1
110111000001110010010011000100011110100001001100111100011101101,1
1000000011001001001111011011100001110111010100010100101101011,1
1110001010001010000010011111001000110110101010111000000111100110,0
1110001010101111000100010100101111110011110110001011001101010101,0
1001000000101011001011001101111110010010110011101010001010111110,1
101001101101000010000101101011011011100101001011011110111010100,0
11000001000011010110001000111010000001001000101010110010110101,0
10111100111101111100101101010000011011101001101001011011000110,0
1000110011010100001101001001111110100101011101110011001000111010,0
1111000101101001111110001010111101011111111001001001001001111000,1
101101010010001011100000010000100011101101101011001000010001101,1
1001010011010110110100010101101110000110000001001001110001100010,0
101100110100011110110100111010100100100100110110001101101111,1
10001110101101010010000010110011100011110110000111101010111,1
1111111101001000000111010010010100010101101110100110000010001110,1
1101111111011001001011010000111100101101011010111011101100010100,1
1100001000101001110110001101001110101111011100100101101111100011,0
1001101001100000100010011000011010101000110000100101001010101100,0
1111010100101001000110111110010001110100111100101100000010101,1
1111110000110011110010101011001001000000111001101100110000101111,1
1110010011110111010001100111111011101111110000000100101001000111,0
1100011001100100000011011100100011001001000111110110001000000,1
1111111110100010100111001101010110011010111100101011101011110011,1
1001100010010111001100100100000111010110000101111101011000101010,0
111011010100000011111011000111011010001011010000011111000100010,1
11000111010010111001111001011101011011101011101110011101110000,1
110001010111111100010110100011001000110000001010110001110100011,0
111011101110000111110110010010100101000100001001110101100111010,0
11111110001110001110011101011011001001110100101100010001100100,1
1110110110010010011000001010101010011010011100110001010100010,1
1000100111100110011110111000000100101010100011111001001100000001,1
1011100101011001100101010000110100001011110001100011001011100111,0
1111000000011110010100110100001110110010010010100000000110,0
1101101101011100000000100100101000001010000111110010100111001101,0
1110001110110111010110000101001101000101000111100001000110111101,0
1110000010000110110000110110101101111100011100111101011101101111,0
1011101110100100010101101100101001001110100011011111010110000110,1
1101101011000000100011110111111001001111100110110001000100000011,1
1000111010011000110001101101111000010010111111011101111010010101,0
1000101100111101100101001010001111110011110111010000101010111111,1
1111110110111101011010110011001010010101111101100101011110100101,0
101010101100101000110001011101110011001101011011110110000001110,1
11110100110111100001100110110000100000110001110100111111001101,0
110010110111110101100011101101001011000010111001101110000011000,1
11110011001010000111110001011000100001000110010001100001001001,1
1111011111010111110011101001000110100100110011001000011011100110,0
11110011111101100000110101000001110010010101010110100100110100,1
100110101011110001011011000101010001010100100000111101111101000,0
100000000001000101111101011010101110000100000101011101111000101,0
1111011111011110001100000011100111110101011110000101011100001110,0
1101010100111111010001111011001001110100000111110001011101111010,1
10011010000011010111101110000010000100000011001111110000010100,0
111111110001010100011010001101000111100101110011100011011110000,0
1010101000010000011101000100100001111111000011101110101100111010,0
1010001110001000011100011111111110100001110001000100001011100110,1
111010110010000111111111111000000100100011111001000110011000010,0
110011011100000000100100010010000001100110110110011010110100,1
1010110011111100010100011110011000101110111100011000100111111101,0
1010000110000101000110110000111000000100011011110110000000100001,0
1001001010100110100100100011001110001101101110000111100110011101,1
1100010101001110010000101100101001111111001010011000111000100,1
110101000100100000110000101000001110101100010110100111100101101,1
1110100011011101100111000000010101111011001101000110101101000010,0
11101001010101110110110000110000001001011010010001001010001,0
